,date,market_pr,SMB,HML,RF,euribor,gov_bond_yield_2Y,gov_bond_yield_3Y,gov_bond_yield_5Y,gov_bond_yield_7Y,gov_bond_yield_10Y,longt_ir_10Y,msci_gross,msci_net_price,msci_net_price_rt,msci_price,msci_price_rt,eurostoxx,return_5Y
0,199007,4.46,0.29,-1.52,0.68,,10.586,10.8818,10.6409,10.2677,10.5673,,,,,,,,0.0
1,199008,-10.88,0.18,-0.3,0.66,,10.9048,11.2042,10.9669,10.6908,10.9569,,,,,,,,-0.12898730906923428
2,199009,-12.19,1.98,0.44,0.6,,10.9419,11.3833,11.1154,10.8773,11.1356,,,,,,,,-0.05980156694975358
3,199010,6.45,-2.63,-1.12,0.68,,10.8495,11.291,11.0377,10.8094,11.079,,,,,,,,0.03269293931876316
4,199011,-0.42,-2.6,0.57,0.57,,10.8481,11.2551,10.9421,10.7148,10.9892,,,,,,,,0.0406724587748879
5,199012,-1.55,0.99,0.26,0.6,,11.0293,11.2833,10.9571,10.6524,10.8649,9.31,,,,,,,-0.006256706324637151
6,199101,1.51,-4.14,-0.03,0.52,,10.9529,11.2862,10.98,10.6133,10.8449,9.32,,,,,,,-0.009521126715231865
7,199102,7.3,1.15,0.66,0.48,,10.6465,10.8832,10.5756,10.1365,10.4413,8.75,,,,,,,0.187316585909568
8,199103,-6.7,2.18,-0.27,0.44,,10.3821,10.5833,10.3036,9.9736,10.3725,9.98,,,,,,,0.1262470122989663
9,199104,-0.87,-0.32,-0.59,0.53,,10.2371,10.4213,10.2065,9.8266,10.1174,9.83,,,,,,,0.04408036007561922
10,199105,0.49,-3.38,0.12,0.47,,10.0664,10.219,9.9959,9.718,9.9855,9.73,,,,,,,0.09950211573538681
11,199106,-7.41,0.61,-0.69,0.42,,10.0631,10.2448,10.0553,9.8053,10.0527,9.82,,,,,,,-0.026577799515949074
12,199107,5.3,-3.23,-0.35,0.49,,10.3297,10.4993,10.2904,10.1918,10.2246,9.99,,,,,,,-0.09986837888914457
13,199108,1.42,-0.93,-0.08,0.46,,10.3634,10.506,10.3042,10.1818,10.2017,10.01,,,,,,,-0.006089040991956507
14,199109,3.02,1.73,-0.05,0.46,,10.1966,10.3267,10.0969,9.9881,10.0021,9.79,,,,,,,0.09696002487397948
15,199110,-2.62,-0.78,-1.3,0.42,,10.1057,10.2519,9.9906,9.8511,9.8719,9.67,,,,,,,0.04930405547483718
16,199111,-2.27,0.55,-1.81,0.39,,10.1668,10.3225,10.0678,9.9002,9.9183,9.93,,,,,,,-0.03439279562138753
17,199112,6.3,-3.87,-2.1,0.38,,10.3112,10.4286,10.1121,9.8788,9.8923,9.9,,,,,,,-0.01977492489337951
18,199201,-0.52,-1.03,1.29,0.34,,9.9904,10.0657,9.7514,9.5439,9.6114,9.59,,,,,,,0.1793850165403581
19,199202,-0.44,-0.33,0.18,0.28,,9.9497,9.9819,9.6908,9.4994,9.547,9.53,,,,,,,0.028665262873251773
20,199203,-3.74,0.33,0.29,0.34,,10.0367,10.0611,9.747,9.5664,9.5812,9.59,,,,,,,-0.025874795252894378
21,199204,5.02,-1.25,-0.07,0.32,,10.1015,10.1344,9.7664,9.6226,9.6231,9.66,,,,,,,-0.008977101007982768
22,199205,5.09,0.19,1.4,0.28,,10.1071,10.133,9.7531,9.6138,9.5797,9.61,,,,,,,0.006199580120100023
23,199206,-1.17,0.49,-0.85,0.32,,10.3452,10.3204,10.0204,9.8652,9.8254,9.83,,,,,,,-0.11553300244428588
24,199207,-4.1,-1.23,-1.37,0.31,,10.6957,10.7972,10.3128,10.1279,10.0331,10.06,,,,,,,-0.12272400845630005
25,199208,-0.8,-1.39,-0.51,0.26,,10.8843,11.0051,10.509,10.2478,10.1014,10.16,,,,,,,-0.08238058035744489
26,199209,-2.99,-3.51,-1.82,0.26,,10.9677,10.9701,10.3836,10.2213,10.0219,10.1,,,,,,,0.05630616712605652
27,199210,-7.71,-2.52,1.2,0.23,,10.2689,10.4511,10.0171,9.9695,10.2245,9.99,,,,,,,0.17777322674440854
28,199211,-0.65,-2.67,-0.13,0.23,,9.6538,9.8571,9.478,9.4915,9.8813,9.62,,,,,,,0.28512237986244604
29,199212,1.22,0.02,-1.17,0.28,,9.7771,9.9723,9.4659,9.5116,9.9328,9.62,,,,,,,0.005794060161153913
30,199301,0.63,3.28,2.95,0.23,,9.4905,9.5637,9.1375,9.2086,9.7027,9.31,,,,,,,0.17281245100392462
31,199302,1.11,-0.79,1.74,0.22,,9.1208,9.0948,9.0526,8.8773,9.403,9.02,,,,,,,0.04294720845071498
32,199303,5.43,1.43,0.86,0.25,,8.7625,8.7734,8.7278,8.5864,9.1458,8.75,,,,,,,0.17847085035891874
33,199304,1.92,3.46,1.93,0.24,,8.7063,8.7715,8.7155,8.6826,9.1559,8.77,,,,,,,0.006346139417460428
34,199305,0.91,0.29,1.5,0.22,,8.2869,8.3464,8.4317,8.5151,9.0423,8.66,,,,,,,0.15978072952320876
35,199306,-3.23,-1.58,1.53,0.25,,7.9299,7.9992,8.1397,8.2337,8.7796,8.34,,,,,,,0.17028109222108112
36,199307,1.03,-1.1,3.0,0.24,,7.494,7.6127,7.7324,7.96,8.4018,8.11,,,,,,,0.256005667098369
37,199308,8.61,0.53,2.31,0.25,,7.0755,7.1555,7.2258,7.4516,7.9197,7.56,,,,,,,0.3482715637635245
38,199309,-0.64,1.01,0.04,0.26,,7.0036,7.0003,7.0595,7.2265,7.612,7.33,,,,,,,0.10751656786413011
39,199310,2.46,-1.96,0.76,0.22,,6.7718,6.7389,6.8129,6.9417,7.3615,7.06,,,,,,,0.16809770274146518
40,199311,-2.31,0.86,-1.59,0.25,,6.6313,6.5732,6.7073,6.8993,7.3806,7.1,,,,,,,0.07040963355344676
41,199312,7.16,-2.61,2.61,0.23,,6.3555,6.3426,6.4736,6.7443,7.1853,6.86,,,,,,,0.16643910112511406
42,199401,5.89,5.53,4.34,0.25,6.91,5.99,5.87,5.94,6.4,6.69,6.7,,,,,,,0.44827787942895836
43,199402,-3.46,4.0,1.01,0.21,6.86,6.48,6.48,6.57,7.04,6.88,6.89,,,,,,,-0.3523834260684444
44,199403,-2.8,0.97,1.79,0.27,6.75,6.51,6.5,6.66,7.25,7.35,7.37,,,,,,,-0.057382389261563804
45,199404,3.79,-0.74,1.48,0.27,6.57,6.57,6.7,6.95,7.58,7.46,7.49,,,,,,,-0.16956010496338614
46,199405,-4.0,1.89,0.53,0.32,6.24,6.69,6.93,7.31,7.93,7.75,7.78,,,,,,,-0.19863471607674632
47,199406,-1.16,-0.22,-1.0,0.31,6.3,6.96,7.34,7.65,8.19,8.37,8.4,,,,,,,-0.18167733190320112
48,199407,4.66,-3.05,1.06,0.28,6.34,7.02,7.39,7.69,8.22,8.39,8.42,,,,,,,-0.022804057393415844
49,199408,1.9,-0.46,-2.62,0.37,6.43,7.56,7.95,8.32,8.68,8.68,8.71,,,,,,,-0.29527558063092585
50,199409,-3.58,2.64,0.31,0.37,6.38,7.75,8.09,8.54,8.84,9.12,9.16,,,,,,,-0.11010720966842391
51,199410,3.59,-3.02,-0.33,0.38,6.43,7.61,8.17,8.6,8.9,9.16,9.19,,,,,,,-0.03086180878639233
52,199411,-4.54,-0.41,0.45,0.37,6.4,7.6,8.07,8.47,8.72,9.12,9.15,,,,,,,0.07054830989832239
53,199412,0.02,0.29,-0.58,0.44,6.69,8.08,8.52,8.91,9.08,9.14,9.18,,,,,,,-0.20314074217722922
54,199501,-1.55,1.51,0.96,0.42,6.66,7.78,8.21,8.6,8.79,9.34,9.38,,,,,,,0.17222804437688266
55,199502,1.97,-0.9,-0.76,0.4,6.59,7.81,8.23,8.58,8.83,9.19,9.23,,,,,,,0.010482088635544118
56,199503,3.45,-1.61,-2.47,0.46,7.58,7.64,8.03,8.44,8.79,9.43,9.47,,,,,,,0.07638484359406528
57,199504,2.56,-1.67,0.4,0.45,7.29,7.45,7.87,8.21,8.55,9.26,9.3,,,,,,,0.1312584090864637
58,199505,1.76,-0.28,0.46,0.54,7.04,6.97,7.3,7.63,8.08,8.78,8.82,,,,,,,0.3843444770938611
59,199506,1.0,-0.06,-0.63,0.47,7.08,7.18,7.59,7.99,8.39,8.75,8.79,,,,,,,-0.18481623851412088
60,199507,3.99,-1.4,-1.03,0.45,6.92,6.89,7.24,7.64,8.08,8.71,8.75,,,,,,,0.2196346276258423
61,199508,-4.05,1.21,-2.29,0.47,6.66,6.58,6.95,7.41,7.91,8.47,8.51,,,,,,,0.14442868126839525
62,199509,2.37,-0.48,-1.93,0.43,6.5,6.54,6.89,7.4,7.95,8.36,8.4,,,,,,,0.005966570169855023
63,199510,-0.71,-0.89,-0.29,0.47,6.75,6.39,6.69,7.2,7.74,8.48,8.52,,,,,,,0.12804693121259958
64,199511,-0.32,-3.27,0.78,0.42,6.45,6.04,6.32,6.8,7.37,8.16,8.19,,,,,,,0.28409231984425753
65,199512,1.84,-1.18,1.03,0.49,6.32,5.69,5.97,6.48,7.06,7.82,7.85,,,,,,,0.23300552923270823
66,199601,0.44,0.09,0.12,0.43,5.81,5.3,5.54,6.09,6.75,7.44,7.47,,,,,,,0.3070036891037573
67,199602,1.88,1.41,0.21,0.39,5.58,5.51,5.82,6.52,7.14,7.66,7.69,,,,,,,-0.2550245298282152
68,199603,0.89,0.27,0.51,0.39,5.5,5.57,5.97,6.63,7.23,7.83,7.86,,,,,,,-0.07003519410362902
69,199604,0.62,0.75,0.37,0.46,5.27,5.05,5.47,6.21,6.83,7.62,7.64,,,,,,,0.3272305393606436
70,199605,1.5,1.78,-0.28,0.42,5.06,5.08,5.47,6.21,6.93,7.48,7.5,,,,,,,0.0
71,199606,0.22,-0.63,0.33,0.4,5.08,5.19,5.58,6.36,6.95,7.51,7.54,,,,,,,-0.09783234618782011
72,199607,-1.79,-0.39,0.97,0.45,5.06,5.2,5.51,6.27,6.88,7.39,7.41,,,,,,,0.06344985749597365
73,199608,2.26,-0.69,-1.49,0.41,5.08,5.1,5.35,6.17,6.85,7.31,7.34,,,,,,,0.07170751471460002
74,199609,1.17,-2.67,0.49,0.44,4.86,4.78,4.93,5.76,6.35,7.13,7.15,,,,,,,0.3423392793221731
75,199610,1.55,1.01,-1.3,0.42,4.69,4.57,4.88,5.51,6.21,6.68,6.7,,,,,,,0.2073370741152083
76,199611,4.08,-2.71,1.01,0.41,4.57,4.3,4.54,5.12,5.78,6.43,6.44,,,,,,,0.3619081917012035
77,199612,2.01,-0.12,0.75,0.46,4.5,4.17,4.41,5.06,5.82,6.31,6.32,,,,,,,0.05049500059010015
78,199701,-0.35,0.69,2.01,0.45,4.39,4.13,4.32,4.96,5.67,6.23,6.24,,,,,,,0.08675543825520848
79,199702,0.68,0.62,-0.25,0.39,4.43,4.27,4.4,4.94,5.57,6.06,6.07,,,,,,,0.016948766302252283
80,199703,2.04,-1.19,1.09,0.43,4.5,4.54,4.88,5.42,5.99,6.32,6.33,,,,,,,-0.32195723759481554
81,199704,-0.75,-1.42,0.19,0.43,4.39,4.39,4.65,5.25,5.88,6.39,6.39,,,,,,,0.14360238818440774
82,199705,4.14,-1.22,1.1,0.49,4.3,4.37,4.65,5.27,5.89,6.18,6.19,,,,,,,-0.015847539582022008
83,199706,3.66,-3.66,1.04,0.37,4.29,4.12,4.37,4.93,5.56,6.09,6.09,,,,,,,0.3214910840199239
84,199707,3.12,-5.85,1.81,0.43,4.3,4.27,4.47,4.93,5.39,5.83,5.84,,,,,,,0.0
85,199708,-5.29,6.12,-0.87,0.41,4.36,4.42,4.68,5.15,5.58,5.94,5.95,,,,,,,-0.1665148088735472
86,199709,8.74,-4.01,2.67,0.44,4.31,4.33,4.58,5.01,5.41,5.66,5.81,,,,,,,0.12202677040464494
87,199710,-4.88,4.06,0.89,0.42,4.44,4.56,4.8,5.2,5.54,5.75,5.77,,,,,,,-0.14411796123685927
88,199711,0.75,-2.9,-0.49,0.39,4.49,4.42,4.71,5.11,5.41,5.59,5.75,,,,,,,0.07585166490109563
89,199712,2.26,-3.77,1.95,0.48,4.37,4.33,4.51,4.87,5.2,5.46,5.47,,,,,,,0.22184339358887617
90,199801,3.16,-1.37,0.46,0.43,4.26,4.11,4.27,4.61,4.95,5.22,5.23,,,,,,,0.2542271567343555
91,199802,7.49,-1.82,1.0,0.39,4.24,4.08,4.24,4.55,4.84,5.12,5.13,,,,,,,0.05523549378989179
92,199803,6.91,1.09,4.53,0.39,4.11,4.17,4.32,4.61,4.86,5.01,5.01,,,,,,,-0.05234423416853884
93,199804,2.19,1.54,-0.56,0.43,4.09,4.26,4.44,4.75,4.97,5.0,5.0,,,,,,,-0.115953553445299
94,199805,2.22,2.14,1.01,0.4,4.06,4.13,4.3,4.58,4.79,5.06,5.06,,,,,,,0.16189860092628328
95,199806,-0.5,-3.19,-1.88,0.41,4.02,4.08,4.24,4.5,4.73,4.91,4.92,,,,,,,0.0748739735217887
96,199807,1.53,-3.68,1.5,0.4,3.95,4.04,4.16,4.41,4.62,4.82,4.82,,,,,,,0.08599324009287579
97,199808,-12.08,1.72,-2.51,0.43,3.93,3.68,3.78,4.01,4.24,4.59,4.59,,,,,,,0.46824217922216116
98,199809,-4.84,1.19,-2.7,0.46,3.93,3.55,3.58,3.77,3.98,4.27,4.28,,,,,,,0.27819388094987363
99,199810,6.59,-5.96,0.83,0.32,3.81,3.39,3.51,3.77,4.09,4.25,4.25,,,,,,,0.0
100,199811,4.24,-3.07,0.72,0.31,3.69,3.33,3.44,3.62,3.9,4.24,4.25,,,,,,,0.17322691458650685
101,199812,2.88,-2.53,-1.89,0.38,3.37,3.16,3.22,3.38,3.67,3.95,3.96,,,,,,,0.30568773704671615
102,199901,-0.43,-0.16,-2.07,0.35,3.1321,2.9967,3.0881,3.301,3.6372,3.822,3.81,,,,,,,0.09527541581418153
103,199902,-2.19,2.7,-1.1,0.35,3.0934,3.0502,3.1942,3.4316,3.7775,3.9742,3.95,,,,,,,-0.13891813202097814
104,199903,-0.03,-0.27,1.38,0.43,3.0467,3.0843,3.2461,3.5291,3.919,4.181,4.16,,,,,,,-0.10310166116330355
105,199904,2.95,0.82,1.87,0.37,2.6965,2.8256,3.0018,3.3037,3.6992,4.0407,3.99,,,,,,,0.2907721848028364
106,199905,-3.8,4.48,0.11,0.34,2.579,2.8001,3.0017,3.3673,3.8097,4.2049,4.17,,,,,,,-0.07072378270478819
107,199906,1.71,-0.04,0.52,0.4,2.6267,3.0793,3.3392,3.7721,4.1958,4.5267,4.5,,,,,,,-0.3580259855217046
108,199907,1.1,3.4,0.29,0.38,2.6765,3.2938,3.6427,4.1275,4.5496,4.8562,4.83,,,,,,,-0.3017365115745654
109,199908,1.33,3.94,-1.1,0.39,2.695,3.558,3.872,4.3894,4.78,5.0606,5.04,,,,,,,-0.22048180785275395
110,199909,-0.33,2.19,-1.8,0.39,2.7267,3.6613,4.0192,4.5476,4.9391,5.2353,5.2,,,,,,,-0.1346806951824202
111,199910,1.74,-1.14,-3.83,0.39,3.3757,4.0733,4.3979,4.8734,5.2298,5.4716,5.44,,,,,,,-0.2482424422079006
112,199911,2.74,1.23,-9.21,0.36,3.4677,3.9876,4.2683,4.6656,4.9705,5.1842,5.17,,,,,,,0.19734235996416927
113,199912,9.25,-4.75,-4.37,0.44,3.446,4.1763,4.43,4.788,5.0693,5.3044,5.28,,,,,,,-0.10135753980774476
114,200001,-7.1,9.35,-6.08,0.41,3.3431,4.38,4.6815,5.1399,5.4416,5.6985,5.67,,,,,,,-0.255548991106227
115,200002,5.94,1.66,-9.45,0.43,3.5368,4.5451,4.819,5.2263,5.4915,5.6636,5.64,,,,,,,-0.06748403086962085
116,200003,0.66,-5.29,3.33,0.47,3.747,4.588,4.826,5.1218,5.3545,5.4906,5.47,,,,,,,0.08831477822354361
117,200004,-5.58,-5.5,5.93,0.46,3.9253,4.5759,4.7918,5.0591,5.2952,5.4138,5.36,,,,,,,0.05282232175002455
118,200005,-0.09,-0.14,6.17,0.5,4.362,5.0022,5.1642,5.3383,5.5078,5.5155,5.53,,,,,,,-0.2016806690346118
119,200006,0.67,0.02,3.14,0.4,4.5017,5.0204,5.1233,5.1933,5.3346,5.3454,5.36,,,,,,,0.12267323191741641
120,200007,-1.58,-1.05,3.31,0.48,4.5829,5.1898,5.27,5.3229,5.4254,5.4537,5.44,,,,,,,-0.09836861408497288
121,200008,-1.61,0.94,-0.5,0.5,4.7771,5.2833,5.335,5.3485,5.4042,5.3982,5.4,,,,,,,-0.020000291012671423
122,200009,-4.99,2.02,2.64,0.51,4.8528,5.222,5.2776,5.3285,5.4415,5.4672,5.45,,,,,,,0.015901724259430372
123,200010,-2.71,-6.89,7.54,0.56,5.0413,5.1684,5.2039,5.2434,5.365,5.4163,5.4,,,,,,,0.0700353414431456
124,200011,-4.55,-1.41,11.15,0.51,5.092,5.1168,5.1526,5.1928,5.3542,5.3357,5.34,,,,,,,0.04152698840238278
125,200012,5.69,0.41,3.35,0.5,4.9392,4.7364,4.7746,4.8178,5.0542,5.068,5.09,,,,0.007812147842178438,0.0033028305915654573,0.008498509315419034,0.3665997460008208
126,200101,0.36,1.83,0.59,0.54,4.7707,4.4916,4.5748,4.6661,4.8976,5.0082,4.99,,,,0.0021188453653947776,0.002647661123685703,0.0030825009136611126,0.14122890096307672
127,200102,-8.74,4.85,9.24,0.38,4.7558,4.5173,4.5908,4.6924,4.8813,5.0211,4.99,,,,-0.0030058159430558997,-0.004049752635332188,-0.004058214038064425,-0.02288849865053999
128,200103,-9.34,-1.06,5.89,0.42,4.7086,4.3741,4.4436,4.5579,4.7769,4.9381,4.9,,,,-0.0024613274087343664,-0.0007715681257117686,-0.0014186038079648737,0.12699867995057978
129,200104,7.39,-3.74,-3.26,0.39,4.682,4.4516,4.5136,4.6623,4.9014,5.1014,5.06,,,,0.0025485869940109302,0.002690727662949513,0.0026661321402507996,-0.08885128842031087
130,200105,-5.05,2.69,4.18,0.32,4.6367,4.5101,4.6018,4.7998,5.0487,5.2625,5.26,,,,-0.001809574858042938,0.00013776217952883935,-0.0005515836047317046,-0.1130496917523951
131,200106,-3.64,-1.01,6.24,0.28,4.4536,4.3415,4.4391,4.6958,4.9869,5.2083,5.2,,,,-0.0012867372595376082,-0.001232193631612887,-0.0013310431940613363,0.09469070844402427
132,200107,-0.67,-2.26,3.9,0.3,4.4671,4.3271,4.4208,4.702,4.9866,5.25,5.22,,,,-0.0009938041890271015,-0.0024582702970292764,-0.0032070787927996765,-0.005424878695342361
133,200108,-2.06,2.11,4.04,0.31,4.3535,4.1071,4.1925,4.4877,4.7795,5.0582,5.02,,0.0010400659553988071,,0.0014973673769714568,-0.000197364362607896,-0.0003934302900633041,0.21111186142085403
134,200109,-11.54,-5.27,2.33,0.28,3.9829,3.773,3.8931,4.2918,4.6735,5.0374,5.01,,-0.0065565989913212944,,-0.006589863092570933,-0.006627281141886615,-0.008963417905580051,0.1993189545566123
135,200110,3.24,1.78,-3.24,0.22,3.5999,3.4384,3.6265,4.0544,4.4418,4.8169,4.78,,0.0013764473691845122,,0.001403692592097505,0.0019543815757372086,0.0012903638132635447,0.25796647425782115
136,200111,4.05,1.88,-1.16,0.17,3.3857,3.3581,3.5772,3.9784,4.3657,4.6667,4.63,,0.002588917724163958,,0.0025856674387669427,0.0028929612271623205,0.0032396684592732815,0.07869608601406841
137,200112,1.82,-1.83,1.4,0.15,3.3449,3.6574,3.8995,4.3267,4.685,4.9588,4.9,,0.001372765330294002,,0.0013079442127029827,0.0017346125178046888,0.0011497361945088148,-0.2868879913315039
138,200201,-4.74,3.05,1.68,0.14,3.3388,3.8411,4.0421,4.4786,4.7625,5.0229,4.99,,-0.0014568376290079715,,-0.001481269970015862,-7.701583946449542e-06,0.0004542447138937948,-0.1311531636192388
139,200202,0.4,-0.3,1.57,0.13,3.3571,3.9619,4.172,4.5975,4.8525,5.0661,5.05,,-0.001183483909275262,,-0.0013859307804785248,-0.0016022143835700171,-0.00016125680166334004,-0.10179089201208236
140,200203,5.1,-0.45,0.82,0.13,3.3908,4.246,4.5498,4.8959,5.1293,5.3165,5.29,,0.0036290381237090406,,0.0031611189777009676,0.002776539239606402,0.0034571268187178436,-0.22870597520981606
141,200204,-0.3,2.89,4.83,0.15,3.4069,4.2074,4.5311,4.8568,5.1198,5.2972,5.28,,0.0023316293000968675,,0.0021858192979033347,0.0006748179130834611,0.0005808116616598071,0.033828677935620055
142,200205,0.38,1.82,4.61,0.14,3.4671,4.2525,4.5544,4.8867,5.1613,5.3031,5.3,,0.0008868279196684298,,0.0007707038043288527,-0.0007917963087421491,-0.0007833718947228509,-0.025139551798058712
143,200206,-2.46,1.1,2.44,0.13,3.464,4.1012,4.3706,4.7024,4.9989,5.1649,5.15,,-0.002623760943871934,,-0.0026571739288371423,-0.005375978955267839,-0.0046209018463010555,0.17238736265484644
144,200207,-10.54,1.74,3.13,0.15,3.41,3.8032,4.1006,4.4765,4.8187,5.0274,5.0,,-0.004350825306881112,,-0.00440204577693854,-0.004036141486056626,-0.006953803497355397,0.22397607871195357
145,200208,0.13,-2.26,2.11,0.14,3.3519,3.4655,3.7606,4.1548,4.4445,4.7311,4.72,,0.0006550604411826522,,0.00029648647741007815,0.0003671096393914747,0.002375392933203509,0.3534940807183773
146,200209,-13.2,3.07,-1.89,0.14,3.3101,3.1931,3.4555,3.8517,4.2047,4.5233,4.51,,-0.009469463430913346,,-0.009469431409389998,-0.00971836583654546,-0.012384356337730279,0.3539087809581205
147,200210,8.6,-6.82,-0.92,0.14,3.2613,3.1281,3.4078,3.8555,4.3634,4.6235,4.6,,0.006143914291141519,,0.006126271429375326,0.006056532500400491,0.005488795835394713,-0.00390696813815794
148,200211,4.87,-0.8,2.19,0.12,3.1241,3.0415,3.3092,3.8051,4.2847,4.5924,4.58,,0.0037344003407424383,,0.0037113644913862533,0.0035126223853476726,0.0049368948007421035,0.05355603894437877
149,200212,-2.78,3.62,3.29,0.11,2.941,2.8376,3.08,3.6332,4.1005,4.4065,4.41,,-0.002899071444127711,,-0.002775949322318813,-0.005700889595053633,-0.004118125777747944,0.19979462812827453
150,200301,-3.43,2.05,2.54,0.1,2.8318,2.636,2.8488,3.4028,3.9287,4.2703,4.25,,-0.003218793952591542,,-0.0030944421439271738,-0.0042368519855771345,-0.002843336289553532,0.29050725181508974
151,200302,-3.38,0.35,1.68,0.09,2.6875,2.4501,2.6127,3.1752,3.6848,4.0608,4.03,,0.0006961666263431572,,0.0003700593663815418,0.00019361659798496338,-7.233037640756498e-05,0.3039422870139794
152,200303,-1.5,0.78,-0.48,0.1,2.53,2.4999,2.6626,3.263,3.7596,4.1272,4.08,,-0.00046802746029244395,,-0.0009465336852052057,-0.0013993682334590752,-0.001209402906328762,-0.09882371184254335
153,200304,13.16,-2.16,0.18,0.1,2.5333,2.5898,2.8068,3.3758,3.8471,4.2289,4.22,,0.008122368725813036,,0.007181227061474946,0.006817705384587214,0.007401097423401062,-0.12241469287037654
154,200305,7.66,2.69,1.19,0.09,2.4005,2.306,2.5256,3.0226,3.5362,3.9187,3.9,,0.002347085827900072,,0.0022113782273360592,-0.00014805264997396568,0.0007724934257668615,0.523186470145679
155,200306,1.18,2.01,0.36,0.1,2.1519,2.0757,2.2855,2.792,3.3154,3.7233,3.7,,0.001425813075870454,,0.0013176215109618704,0.002463623872066208,0.0025697973588108733,0.34336058907821987
156,200307,1.67,0.94,3.91,0.07,2.13,2.3006,2.5629,3.1494,3.6494,4.0626,4.03,,0.00128284718302798,,0.0012622501287719076,0.002169855473162905,0.0021840329298246333,-0.3625954925600753
157,200308,0.17,3.14,0.03,0.07,2.1404,2.632,2.9083,3.4688,3.7411,4.2047,4.19,,-0.0017749521677924516,,-0.0022342821271406402,-0.0010430446879418822,-0.0010633119835005813,-0.3098048212656098
158,200309,2.82,2.71,0.07,0.08,2.1473,2.5299,2.8651,3.4247,3.7234,4.2319,4.23,,0.0013390379571959542,,0.0013394232259877925,-0.0013219965428678674,-0.0014581408643897522,0.050837203662506436
159,200310,6.17,-1.2,3.67,0.07,2.1436,2.5867,2.8801,3.5013,3.8473,4.3081,4.28,,0.00398099651699329,,0.00396071577961987,0.004055712758985326,0.004121542273619398,-0.08223950580067851
160,200311,4.49,0.0,0.41,0.07,2.159,2.7002,2.9923,3.6962,3.9394,4.4378,4.41,,0.0023279699577759025,,0.0022226398801439735,0.0006971498830396746,0.0013445876297202557,-0.19098444572191153
161,200312,7.34,-2.02,0.49,0.08,2.1463,2.5815,2.8804,3.5888,3.8524,4.356,4.35,,0.0030591103542779246,,0.0030498846654216706,0.0009137868922598945,0.002045581135755639,0.12263162615535883
162,200401,2.46,3.68,2.38,0.07,2.0895,2.4085,2.7139,3.3713,3.6983,4.2567,4.22,,0.00014874751962801105,,0.0001301095471745753,0.0008405055052106097,0.0010241087403610903,0.27480155248501514
163,200402,3.07,1.08,0.38,0.06,2.0705,2.3764,2.7145,3.2798,3.6867,4.1833,4.18,,0.0008961372783224247,,0.0007826527861397464,0.0007661443164955875,0.0003070572741048105,0.11156712157382032
164,200403,-3.32,0.91,-0.23,0.09,2.0288,2.1603,2.4773,3.0611,3.51,4.0194,4.0,,-0.0016968907310209336,,-0.0021552104862647896,-0.0016886059843313492,-0.0015052993491497168,0.299867106224605
165,200404,-1.17,-1.03,0.87,0.08,2.0488,2.3879,2.7506,3.308,3.7512,4.2424,4.19,,-0.0006111904705292677,,-0.0007234976175210318,0.0004463334526683948,0.0006603798652668561,-0.25554243917968245
166,200405,1.41,-0.99,-0.83,0.06,2.0859,2.5469,2.9428,3.4986,3.8672,4.3862,4.35,,0.0008969651568199023,,0.000587790710384194,-0.00031476918978748863,-0.0008480830664999484,-0.19463717581386963
167,200406,2.0,1.09,0.98,0.08,2.1127,2.7367,3.0602,3.6046,3.8923,4.4426,4.41,,0.0001679891630939417,,7.91832130995475e-05,0.00023572010553210313,0.0008471369560679037,-0.10992347147007597
168,200407,-3.14,0.1,0.44,0.1,2.116,2.6984,2.9734,3.4858,3.7973,4.3396,4.31,,-0.00118916279219556,,-0.0012108977136954197,-0.0007300460585439299,-0.0015519200190007834,0.13961986991529796
169,200408,0.34,-0.44,1.32,0.11,2.1143,2.5327,2.8345,3.3321,3.8183,4.1679,4.15,,0.0015071109097494705,,0.0011575193294574133,0.0007350147554632419,0.000204153635900219,0.19043905789737137
170,200409,4.0,0.19,0.79,0.11,2.1186,2.5954,2.8725,3.3506,3.785,4.114,4.1,,0.002148369253806863,,0.0021481599450502067,0.0011563283642016232,0.0014398711935876861,-0.021081383016373745
171,200410,4.11,-0.02,0.69,0.11,2.1473,2.4716,2.7073,3.1821,3.6591,3.9794,3.98,,0.0020988928351088265,,0.0020777049021813787,0.0009543537208599944,0.002151144024871863,0.21835461166426073
172,200411,6.85,2.09,1.73,0.15,2.1703,2.4136,2.6171,3.0774,3.527,3.8687,3.86,,0.0028498156468713884,,0.0027596727546149737,0.0007622074818022216,0.0010914182971032147,0.1351558016823582
173,200412,4.27,0.41,0.65,0.16,2.1732,2.3612,2.5322,2.9316,3.3523,3.6893,3.65,,0.002541863024487832,,0.0025247209844695352,0.0015266336243624007,0.0014533521946101633,0.1996925472636959
174,200501,-1.25,3.54,1.6,0.16,2.1454,2.39,2.5656,2.9228,3.3118,3.6336,3.6,,-0.0010217156951869688,,-0.0010416151566568453,0.0009588332572874085,0.0009788001776411253,0.011266914795353689
175,200502,4.58,0.75,1.07,0.16,2.1383,2.4547,2.6709,2.9672,3.316,3.6153,3.59,,0.0017796009972219327,,0.00166429769719959,0.0007557115167618745,0.0013991363892139615,-0.05472024502090911
176,200503,-2.57,-0.2,0.26,0.21,2.1372,2.4943,2.7406,3.08,3.4412,3.7625,3.74,,-0.0013329171919056846,,-0.0017523167596450537,-0.0009012578030514392,-0.0002905487700217184,-0.13080011344498121
177,200504,-2.58,0.53,-0.1,0.21,2.1372,2.3443,2.5529,2.8931,3.2466,3.5709,3.54,,-0.0014752428763895047,,-0.0016052597051193786,-0.0013047479037844427,-0.0017629631260533912,0.2642210540085186
178,200505,-0.06,-1.62,1.16,0.24,2.1256,2.2185,2.406,2.7401,3.0493,3.4074,3.38,,-0.00024522076384019226,,-0.0006393154172015439,0.0013764836765852056,0.0017382073984866034,0.2219733255120473
179,200506,1.54,0.89,1.71,0.23,2.111,2.0736,2.2409,2.5775,2.926,3.2541,3.22,,0.0007917722730891606,,0.0007764456669424595,0.0016741448216507754,0.0014820206313237451,0.24887179897652123
180,200507,3.82,0.34,1.34,0.24,2.1194,2.1869,2.3374,2.6553,2.9906,3.316,3.28,,0.0012872687656005526,,0.0012648758874115019,0.0011008326892592638,0.0021779435914197364,-0.10198605661129267
181,200508,2.02,2.14,-0.11,0.3,2.1325,2.2393,2.397,2.7047,2.9939,3.3155,3.3,,0.00014575209100135093,,-0.00014810033035547995,-0.0006998813381890603,-0.0006894602264452481,-0.06491755131077981
182,200509,1.48,-0.34,0.13,0.29,2.1391,2.2124,2.3424,2.5992,2.8352,3.1555,3.14,,0.0009564790443068703,,0.0009566193552710256,0.0018465226470718778,0.0027289841609839083,0.15540788211899703
183,200510,-3.41,-1.2,0.41,0.27,2.1966,2.4529,2.6128,2.8521,3.0491,3.3234,3.3,,-0.0009332558786087087,,-0.000957451051357384,-0.0006346656130660315,-0.0005282896562237296,-0.2878981129155953
184,200511,1.29,-0.28,0.57,0.31,2.3609,2.7317,2.8577,3.1043,3.2809,3.5273,3.51,,0.0013823771293904597,,0.001291254718676243,0.001998052368352474,0.002293088740727645,-0.27173024174374316
185,200512,3.8,0.62,0.45,0.32,2.4729,2.7999,2.8837,3.0743,3.2062,3.409,3.4,,0.0018319583890323446,,0.0018210901699159537,0.0017937622752071663,0.0016846279650480048,0.03736231831726822
186,200601,6.39,2.24,1.75,0.35,2.5117,2.8626,2.9385,3.1005,3.2107,3.3927,3.38,,0.002854919328823294,,0.0028364230774686784,0.001498426047795486,0.0025148057696156834,-0.031541671098344604
187,200602,0.55,2.1,1.45,0.34,2.6004,2.9736,3.0709,3.2569,3.3732,3.551,3.53,,0.0024527609986319046,,0.002429209399741375,0.0033477171227797877,0.003134583441251875,-0.17069011820805058
188,200603,3.99,0.74,1.72,0.37,2.7226,3.22,3.2977,3.4727,3.5736,3.7312,3.72,,0.0007006852502394887,,0.0002445883402392595,-0.0004184214821451628,0.00029886330762943133,-0.21905869557878688
189,200604,5.25,1.83,-0.32,0.36,2.7938,3.3678,3.4861,3.713,3.8324,4.0116,3.98,,0.00180026447006938,,0.0016402579719595265,-0.0004218583178715053,-0.0001701026091685953,-0.23022881767325576
190,200605,-3.65,-0.95,-0.54,0.43,2.889,3.379,3.5224,3.7412,3.8876,4.0603,4.04,,-0.0010091468202936135,,-0.0013799119666523438,-0.0022203061487684555,-0.002623209181086808,-0.029387633892002274
191,200606,-0.21,-1.62,-0.51,0.4,2.9857,3.4744,3.5922,3.7796,3.9071,4.0751,4.05,,0.0003484978436901372,,0.00028236584475228654,0.0004356665974537526,7.079203304666196e-05,-0.03953041574657978
192,200607,1.0,-1.81,1.6,0.4,3.1022,3.5844,3.6936,3.8399,3.9414,4.0963,4.08,,0.0009143849375084755,,0.0008934169292107514,0.0009581630458008421,0.0009521325628346767,-0.060761644087138245
193,200608,2.7,-0.27,0.38,0.42,3.2265,3.5859,3.6506,3.754,3.8329,3.9682,3.95,,0.002166624755908572,,0.0018885153654398293,0.0017331721782808597,0.0022521295682764726,0.09366938638881961
194,200609,0.69,0.08,0.34,0.41,3.3354,3.6224,3.6403,3.6955,3.7413,3.8398,3.83,,0.0005806258144512651,,0.0005805630446543922,0.0010757683597755177,0.0012869626084865194,0.06386534597646487
195,200610,3.82,0.1,1.49,0.41,3.502,3.685,3.6992,3.7653,3.7995,3.8813,3.86,,0.0019119091919099945,,0.0018934530119209798,0.0015584579907678684,0.001448550031447342,-0.07112346938687586
196,200611,3.76,2.57,0.34,0.42,3.5972,3.7106,3.6988,3.7277,3.7424,3.8041,3.79,,0.0006446157057148391,,0.000559954083170082,-0.0011580571460297776,-0.0006502405713219843,0.040403209474858315
197,200612,3.32,0.97,0.54,0.4,3.6842,3.7922,3.7935,3.8295,3.8412,3.9026,3.85,,0.0016891416986766104,,0.0016827052588167064,0.0021387479478991666,0.001877426561318792,-0.10104345400766856
198,200701,0.61,1.89,0.77,0.44,3.7519,3.9335,3.9612,4.0152,4.0226,4.1028,4.1,,0.0008014749119825499,,0.0007843399954379327,0.0014735032660497483,0.001740491012536511,-0.17192520098472097
199,200702,-0.51,1.24,-0.1,0.38,3.8182,3.9522,3.9783,4.0238,4.0674,4.1175,4.12,,-0.0009767150361254947,,-0.0009985274008684221,-0.0018254700745194807,-0.0016986462200317225,-0.008530003695491839
200,200703,3.71,0.68,0.04,0.43,3.8909,3.9393,3.9365,3.9464,3.9615,4.0227,4.02,,0.0011035425207131784,,0.0005974416677011518,0.00025147824180482797,0.0009310793526224707,0.08072585242926689
201,200704,5.54,-0.27,1.26,0.44,3.9753,4.1072,4.1233,4.1512,4.1977,4.2459,4.23,,0.0031829865718131702,,0.0030075273772501338,0.0020061512754042353,0.002840318570447445,-0.18359791152499627
202,200705,1.56,-0.72,0.55,0.41,4.0714,4.258,4.281,4.3054,4.3372,4.3731,4.36,,-0.00014387745502074536,,-0.0005689394558945136,3.0171005462149975e-05,6.324275518535632e-05,-0.1371180286124417
203,200706,-0.17,-0.65,0.4,0.4,4.1478,4.4541,4.509,4.5735,4.6186,4.6608,4.64,,-0.0013039556911744496,,-0.001339664018223367,-0.0015206981902508242,-0.0017563000619222526,-0.21846103044703247
204,200707,-2.22,1.81,-0.36,0.4,4.2162,4.4836,4.5168,4.5539,4.5884,4.6284,4.6,,-0.0002075281392971222,,-0.0002637745710444079,-0.0008740733016863566,-0.001564799501672525,0.01777024063440824
205,200708,-2.08,-3.17,-0.06,0.42,4.5436,4.186,4.2254,4.2737,4.3767,4.4263,4.42,,-0.0015891138725484502,,-0.0018472403616920361,-0.0017056527483619625,-0.0016290414413349225,0.29542768711292533
206,200709,4.82,-3.71,-0.85,0.32,4.7417,4.0984,4.1441,4.193,4.2972,4.3694,4.37,,0.0012705530246943204,,0.0012707695314318145,-0.0008450475829800255,-0.0006327029126650969,0.08015353508541856
207,200710,4.36,0.4,-0.96,0.32,4.6874,4.1084,4.1613,4.2114,4.3226,4.4002,4.41,,0.0018793078266665852,,0.0018580290626002815,0.001098554188195705,0.0012144709064785448,-0.017529385004322995
208,200711,-4.02,-4.76,-1.76,0.34,4.6385,3.9406,3.9593,3.9991,4.1485,4.2515,4.25,,-0.00261184733663163,,-0.0027277729128944938,-0.0033601993597005245,-0.00190848586688748,0.23115553440816683
209,200712,-2.11,-0.85,1.23,0.27,4.8484,4.0573,4.0628,4.1393,4.2862,4.3818,4.36,,-0.0017129550452982458,,-0.001715318411081878,-0.001699136121003525,-0.0009707319680182647,-0.1291581886918941
210,200801,-10.0,0.38,-0.02,0.21,4.4815,3.7376,3.7517,3.8615,3.9733,4.2317,4.19,,-0.005448619598907227,,-0.005475661201806799,-0.00639548033301752,-0.007007058169434186,0.3202871565419181
211,200802,1.96,2.71,-0.53,0.13,4.3621,3.3991,3.4519,3.639,3.8658,4.1394,4.13,,0.0002226308374617753,,0.00016581155767599292,-0.0010822399049130339,-0.0016107634174323058,0.2639491082957204
212,200803,0.26,-0.58,2.38,0.17,4.5964,3.5431,3.5476,3.652,3.7968,4.0705,4.07,,0.002225093105222553,,0.0015025011654421184,-0.0005395704637321211,0.00012762719316690175,-0.013894610741893465
213,200804,4.42,-2.57,-0.01,0.18,4.7835,3.8634,3.8974,4.0028,4.0901,4.2827,4.28,,0.0022817288419332373,,0.0020133507026615554,0.002866312013687976,0.00392942053295444,-0.3047630840041906
214,200805,0.85,0.5,-1.17,0.18,4.8574,4.1346,4.1348,4.1987,4.2416,4.4233,4.43,,-0.0025591090138071867,,-0.0033052844974985228,-0.0032072730282010024,-0.002973482828770288,-0.17473785631477767
215,200806,-8.69,1.68,-0.69,0.17,4.9405,4.724,4.7337,4.7505,4.6567,4.8093,4.78,,-0.007163447135683737,,-0.007158113824604827,-0.007768320528806507,-0.008662468358926203,-0.396126817651393
216,200807,-3.83,-2.16,0.96,0.15,4.961,4.6128,4.6617,4.699,4.6144,4.8145,4.76,,0.0015659159996503761,,0.0015304071690168644,0.0020006476024103507,0.0009155899755969309,0.04600739299246848
217,200808,-4.57,0.11,-0.09,0.13,4.9652,4.2612,4.2729,4.2836,4.2019,4.496,4.48,,-0.002347667643758271,,-0.0026442994297944168,0.0001374756349072592,-0.00021462534699245934,0.45996897636068335
218,200809,-15.07,-3.11,0.93,0.15,5.0192,4.0946,4.1084,4.2061,4.1437,4.5043,4.43,,-0.005479337096535303,,-0.0054837990330503066,-0.003424728102062202,-0.004710004227231949,0.07668119563272513
219,200810,-22.03,-4.9,-3.53,0.08,5.1131,3.2713,3.4736,3.8765,3.8619,4.4158,4.31,,-0.014504066357578806,,-0.014545971359122459,-0.010645803616766137,-0.011248486981031867,0.38682412080598927
220,200811,-7.17,-0.99,-3.65,0.03,4.2383,2.7974,3.0413,3.441,3.5346,4.1964,4.1,,-0.006749664637151915,,-0.007036301601218514,-0.007433916424886475,-0.007783908172865816,0.5963836711582777
221,200812,6.69,-1.44,1.18,0.0,3.2926,2.6226,2.8607,3.289,3.2809,3.8881,3.73,,-0.0010460888703923035,,-0.0010523554734399516,-0.005315435684693061,-0.001730368609225806,0.19021010918217973
222,200901,-10.98,4.9,-4.03,0.0,2.4565,2.133,2.6181,3.1471,3.4358,4.0995,3.88,,-0.0077111312177544685,,-0.007773007864121393,-0.004388596785692817,-0.004115082246938031,0.18319872368950185
223,200902,-9.95,4.57,-4.29,0.01,1.9431,1.8137,2.3226,2.9982,3.4286,4.1962,3.94,,-0.009685142983470334,,-0.009801160083095367,-0.009522815191612934,-0.010820451334991732,0.20060449375877143
224,200903,6.94,-2.52,1.41,0.02,1.6355,1.7407,2.2406,3.0032,3.378,4.142,3.85,,0.008253685110717194,,0.007996973128068869,0.005616113424100207,0.0074688884540577375,-0.0062294234391186976
225,200904,13.67,1.78,6.75,0.01,1.4223,1.7079,2.197,2.9868,3.3642,4.0897,3.84,,0.014804215846501094,,0.014723814220453392,0.014651195281484869,0.014902014816855783,0.020737786471562325
226,200905,12.86,1.31,-1.36,0.0,1.2817,1.5438,2.1122,2.9906,3.3985,4.1323,3.95,,0.008482287488218792,,0.007634331152632868,0.004467722094648697,0.004077226294192782,-0.004752129856543497
227,200906,-1.87,1.57,-1.21,0.01,1.2279,1.6712,2.2324,3.1432,3.5336,4.3255,4.09,,-0.0009694474857999999,,-0.0009730840225477068,-0.0006188458338829655,-0.00010389167250620277,-0.1710821325128291
228,200907,10.18,-3.92,3.78,0.01,0.975,1.3821,1.9763,2.8664,3.2657,4.0897,3.89,,0.00755137294390167,,0.007525948354849598,0.006985767554892652,0.006183541189750946,0.41301111921154643
229,200908,5.65,1.85,7.52,0.01,0.8605,1.4263,2.0064,2.8187,3.172,3.8915,3.73,,0.006516476061328504,,0.006346354473853021,0.005695510197207945,0.005826721774324952,0.06403571270854869
230,200909,5.43,1.68,1.14,0.01,0.7721,1.2761,1.8001,2.6862,3.0965,3.8672,3.7,,0.0015259252031896591,,0.001522354485156575,0.0006566497498772296,0.0016876345072830688,0.1931175449451945
231,200910,-1.85,1.64,-3.28,0.0,0.7375,1.3882,1.8695,2.6676,3.0562,3.8036,3.67,,-0.0015997278813321665,,-0.0016753720199418703,-0.0021675729249885753,-0.002637152459914766,0.025615684133168948
232,200911,3.0,-2.05,-1.24,0.0,0.7162,1.3378,1.8583,2.642,3.0637,3.8364,3.66,,0.0006066748115253426,,0.0005308460174748246,-0.0003836667863366553,-2.1312034064376503e-07,0.035643092777695395
233,200912,0.94,-1.82,-1.23,0.01,0.712,1.3806,1.8431,2.6433,3.1044,3.8727,3.64,,-0.0011777484395696471,,-0.001202010003950786,0.0007040410708372259,0.00046941187025601995,-0.0017828240889011804
234,201001,-5.28,4.7,-1.86,0.0,0.6797,1.5023,2.0093,2.7198,3.2291,4.102,3.75,,-0.004253877266319003,,-0.004254959402096086,-0.002914953720769856,-0.004705845150980349,-0.09868475153017542
235,201002,-2.1,-0.71,-1.79,0.0,0.6617,1.6238,2.0219,2.7422,3.2618,4.1074,3.72,,-0.001287714141636068,,-0.0013684426720518867,-0.0005212346240816798,-0.0024969981519386377,-0.029572761016860905
236,201003,6.41,-1.13,4.27,0.01,0.645,1.3949,1.8141,2.6,3.144,3.986,3.63,,0.002522437683916016,,0.002357947162123462,0.002674908594191013,0.004115124530288431,0.213731066808325
237,201004,-1.66,3.19,-0.29,0.01,0.6447,1.7425,1.9628,2.6958,3.2547,4.1563,3.68,,-0.001556558325765662,,-0.0016268902275646062,-0.0008771653015396297,-0.003350474177491508,-0.12305935763589815
238,201005,-12.06,-0.21,-3.6,0.01,0.6865,1.8395,1.9666,2.627,3.3931,3.6784,3.52,,-0.007209010924674895,,-0.007632268778827616,-0.004115462251192761,-0.0052350968710571195,0.09851129753695043
239,201006,-0.97,0.11,-2.22,0.01,0.7276,1.8143,2.0171,2.6819,3.5152,3.6868,3.6,,0.00012602014299477533,,0.00011287146904497457,8.769870823311176e-05,0.00031403485534240355,-0.07236349019090249
240,201007,11.88,-2.05,4.62,0.01,0.8488,1.7933,2.271,2.6934,3.557,3.6097,3.6,,0.009223458825146726,,0.009203085880792945,0.0063582556509405065,0.007620639371191234,-0.015471663514382117
241,201008,-4.26,-0.1,-2.7,0.01,0.8955,1.6886,2.208,2.5593,3.2739,3.4364,3.34,,-0.0034708703630079367,,-0.0036397761360740296,-0.002596647013754413,-0.003998740463358245,0.20311945970896805
242,201009,11.56,0.99,-0.28,0.01,0.8805,1.8283,2.189,2.6658,3.378,3.4921,3.39,,0.003822587720464737,,0.0038221874482182033,0.0005274453441326953,0.0007956512104859103,-0.13706290462292647
243,201010,4.98,0.49,0.08,0.01,0.9977,1.6019,2.0993,2.7048,3.0049,3.3282,3.36,,0.000809561900590281,,0.0007240802082209025,-0.00016017669689155466,0.0004884928510481576,-0.051537871461174056
244,201011,-8.03,1.17,-3.46,0.01,1.042,2.0055,2.552,3.2103,3.4541,3.7165,3.75,,-0.007077151360217448,,-0.00716276550874988,-0.004288550993080147,-0.008485039634383932,-0.47245607100953313
245,201012,9.04,2.32,1.11,0.01,1.0217,2.2277,2.7524,3.4829,3.8522,4.0714,4.12,,0.0025824791896109185,,0.0025776998070242306,0.0012403275252774021,0.0025077786220604396,-0.2692480977540852
246,201101,3.68,-0.49,5.52,0.01,1.0172,2.2808,2.9439,3.6413,4.013,3.939,4.22,,0.005199607466061294,,0.005114402004123379,0.0040094677989467595,0.006429214841160816,-0.15938516199902641
247,201102,3.06,-1.16,0.7,0.01,1.0867,2.4576,3.1904,3.9369,4.1395,4.4733,4.31,,0.001380473822393481,,0.0013549294331079982,0.0009557972899441765,0.0016862733071718657,-0.2656103421508005
248,201103,-0.17,2.13,-1.83,0.01,1.1755,2.81,3.7144,3.9802,4.2796,4.4875,4.39,-0.0035314870826514124,-0.0024653153468192496,-0.0036492298028360276,-0.0027073648532995208,-0.003900083192424106,-0.0039381000643442686,-0.0427227624608566
249,201104,8.14,-1.21,-0.68,0.0,1.3212,3.3025,4.0634,4.2586,4.5828,4.6574,4.54,0.0008858123011613154,0.0029859239965252756,0.000860045063963646,0.0029057641821474845,0.00074022962005934,0.0009052422801092249,-0.23812585712789391
250,201105,-3.06,0.17,-2.28,0.0,1.4251,3.5727,4.4385,4.1626,4.4046,4.3656,4.46,-0.000830740532737029,-0.0023260414438480838,-0.000959140055707091,-0.002833409581156897,-0.0014661291332136053,-0.0023889300552727105,0.09649915181518254
251,201106,-2.05,-1.4,0.11,0.0,1.4886,3.5544,4.673,4.1485,4.588,4.3748,4.48,-0.002333931770657655,-0.0018560370382925391,-0.002341977407940287,-0.0018734080855927274,-0.002358946776144105,-0.0012466307067639675,0.013768517100695155
252,201107,-3.33,0.27,-4.05,0.0,1.5976,4.1355,5.0726,4.3655,4.7189,4.5978,4.62,-0.00303518293250867,-0.0033405893740358792,-0.003040659089847721,-0.003370417395756441,-0.003078153989266787,-0.004929596863973636,-0.18650930559673629
253,201108,-10.11,0.72,-3.74,0.01,1.5521,4.2073,4.4519,3.6673,4.224,4.2027,4.15,-0.007405131403938709,-0.007265427077896044,-0.007419947468570692,-0.007491760692920152,-0.007652706835573208,-0.009069524535373122,1.0078090683041379
254,201109,-11.61,-1.09,-1.79,0.0,1.5365,5.4085,5.4152,3.9817,4.4738,4.0351,4.05,-0.0021358599261217743,-0.00506392074965275,-0.002151545420983331,-0.0051093383659357415,-0.0021885512521087566,-0.0028805372027489004,-0.27816035356719726
255,201110,10.97,-3.42,-1.09,0.0,1.5759,6.356,6.0844,4.2701,4.8685,4.0761,4.25,0.003340812639755406,0.005466844149238812,0.003324851303049135,0.005369356048292887,0.003229615883690275,0.0021823289846778526,-0.24526659442957488
256,201111,-4.85,-2.6,-3.26,0.0,1.4847,8.7518,8.0965,5.8855,5.7435,4.3919,4.66,-0.0036505814928662933,-0.00508202846264334,-0.003653740882772084,-0.005238491941531247,-0.0038111129887673715,-0.003654734225515974,-0.7373261334379126
257,201112,-2.21,-1.0,-0.98,0.0,1.4261,10.2185,6.4988,5.7862,5.8079,4.0908,4.52,0.00119785219850686,-0.000423480049648196,0.0011951998021253454,-0.00042769278059576215,0.0011322748315561217,0.0011949092107750004,0.07533588514033163
258,201201,5.69,2.79,0.94,0.0,1.2222,11.5892,5.9649,5.6753,5.6233,3.9047,4.52,0.004447585530718905,0.004880552228610257,0.00441786008066912,0.004756360115057614,0.004296082276660531,0.003754429760606756,0.08587374339803011
259,201202,6.41,1.52,-0.37,0.0,1.0483,13.5587,7.6189,5.9446,5.8122,3.7447,4.31,0.0033323733080155285,0.004427122190701578,0.0033320707097023857,0.004389594241690585,0.0032934094840301907,0.002865655193134759,-0.17942598086730166
260,201203,0.02,0.68,-1.56,0.0,0.8585,6.1202,3.7659,3.5387,3.972,3.2821,3.96,-0.0013645106797728296,-0.001586510561990027,-0.001418135476853845,-0.0019782254723892984,-0.0018074062232396077,-0.00236309194506822,7.386462163885888
261,201204,-2.23,1.32,-4.18,0.0,0.7443,1.6901,2.2037,2.7292,3.6621,3.3817,4.12,-0.003165191532704547,-0.003299426620671135,-0.0032270200976891386,-0.003521967568851773,-0.0032972521558112984,-0.00815796728279089,1.6704165460001867
262,201205,-12.31,0.16,-2.48,0.01,0.6849,1.7722,2.261,2.7846,3.6662,3.5252,4.14,-0.005141596838608072,-0.008075884060852617,-0.005183252687084981,-0.00831677255731369,-0.0054269095534243824,-0.006531492464863779,-0.07107970252218676
263,201206,7.13,-4.54,3.01,0.0,0.6589,2.1238,2.447,2.9075,3.788,3.4055,4.15,0.005457458328678184,0.006776485803991806,0.005435701053140262,0.006714580500612776,0.005375610700946846,0.007055065485787761,-0.14767546207852633
264,201207,0.56,-1.21,-2.57,0.0,0.497,1.9133,2.2571,2.6601,3.6346,3.2488,4.02,0.0006741147554171617,-0.0006624677333183169,0.0006364713890425522,-0.000816735145611642,0.00047734565408656936,-0.002080666558731008,0.38685219252995706
265,201208,4.5,-0.17,3.37,0.01,0.3324,1.6701,2.067,2.4108,3.4533,3.008,3.9,0.0030229925644523307,0.0041018451828027545,0.0030220378657006964,0.003919328474449194,0.002836151929230338,0.0065467850554054175,0.4229298317294956
266,201209,3.49,1.46,2.14,0.01,0.2463,1.3147,1.5081,2.1343,3.0925,2.4182,3.67,0.002393847110705491,0.003504279274187683,0.002389755816307416,0.0035003961673161195,0.0023919801011500624,0.002036944496249923,0.5260840669604554
267,201210,1.66,-0.74,2.04,0.01,0.2079,1.3054,1.4908,2.028,3.0018,2.3053,3.47,0.0014252043583870399,0.0017517743631743563,0.0013921196661885646,0.0015186209816381024,0.0011514450078925847,0.002055235329898039,0.1882927824573728
268,201211,2.27,-2.47,-0.49,0.01,0.192,1.2109,1.4926,1.9836,3.0444,2.2467,3.37,0.0019406926776074076,0.0021468278940935765,0.001941132829410555,0.0021345865301260034,0.0019336846933550498,0.001858403982445562,0.076654504509726
269,201212,3.38,2.31,3.08,0.01,0.1855,1.0408,1.3288,1.7671,2.8183,2.0989,3.08,0.0014176544140872753,0.0020764298224295635,0.0014159619786891452,0.0020730586111679474,0.0014169449307216329,0.0010750577617305045,0.4573998504142647
270,201301,6.2,0.43,4.24,0.0,0.2049,0.9046,1.3096,1.7917,2.6803,2.3926,3.02,0.0032383828547675867,0.004501291519378037,0.0032104506095453054,0.004383911805246777,0.003086713169808143,0.004603139665580098,-0.04328950319659575
271,201302,-2.49,2.09,-3.44,0.0,0.2234,1.1023,1.4073,2.0289,2.5115,2.8576,3.12,-0.0002587257462613499,-0.0020766772143020382,-0.0002618274576772148,-0.002114996789020665,-0.00029848668908368875,-0.003722964139847012,-0.33485082499610086
272,201303,-0.54,-0.48,-4.36,0.0,0.2061,1.0175,1.3373,1.9058,2.3722,3.0266,3.0,-0.002300280543273205,-0.003193503801654569,-0.0023711768747889423,-0.003645685983081969,-0.0028129459789391874,-0.00540323346441869,0.23054097312742639
273,201304,4.16,-1.63,3.55,0.0,0.2089,0.8709,1.1669,1.728,1.9788,2.8554,2.79,0.00189845684444658,0.003064419835406527,0.0018622246208390614,0.0029200433880803077,0.001709696498537415,0.004418961319841294,0.3712188260306757
274,201305,1.06,1.08,2.88,0.0,0.2012,0.7602,1.0436,1.5159,1.9405,2.6849,2.65,0.001871381288578865,0.0010561034932292782,0.001805096358330845,0.0007734792855888161,0.0015223265791724622,0.001852699739390666,0.4988388941653188
275,201306,-4.64,2.29,-2.45,0.0,0.2103,1.0546,1.4176,1.8768,2.309,3.0704,3.01,-0.00497870246917276,-0.0048045107874251656,-0.004976591116077837,-0.004804607195933457,-0.004979141130854733,-0.006808978887927126,-0.48841414815183515
276,201307,7.45,-1.61,2.77,0.0,0.2214,1.0414,1.2767,1.8648,2.3167,3.1012,3.07,0.004080116865881814,0.005006235308972991,0.004073024581172332,0.004971893730202122,0.004037034523396488,0.005084810004513812,0.021120065206325922
277,201308,-0.7,2.77,0.57,0.0,0.2259,1.0392,1.2514,1.9666,2.3535,3.0965,3.12,-8.62251037866621e-05,-0.0004153696847618202,-9.843731223402067e-05,-0.0005453881281763215,-0.0002245638737174034,0.0012254452881155001,-0.16019863137212265
278,201309,7.04,0.21,1.31,0.0,0.2232,1.0695,1.3512,2.1041,2.3594,3.4065,3.23,0.002324520726820383,0.003593856883968364,0.0023248078153502855,0.0035939173338025788,0.0023288027494387446,0.0037797900195377138,-0.20270976883753522
279,201310,4.49,-0.15,4.39,0.0,0.2258,0.893,1.1887,1.9524,2.3127,3.163,3.03,0.0028904422616215907,0.003075656128812549,0.002889649596263193,0.0029940421132333027,0.0028040583798523895,0.004603744503155983,0.2847024009268906
280,201311,1.33,0.88,-0.55,0.0,0.2234,0.644,0.9658,1.6859,2.2493,3.1712,2.9,0.0004733839958299422,0.0005601198729792325,0.000472041693226059,0.0005480373123700236,0.0004601563307782691,0.0002634094785300893,0.60482169658185
281,201312,2.37,0.54,-0.22,0.0,0.2735,0.6946,1.0301,1.8022,2.3501,3.3128,2.96,0.00011406158332558551,0.0006641572822145811,0.00011402654187144483,0.0006644786654738743,0.00011599047509084236,0.0005206252141053111,-0.1909906286684383
282,201401,-3.03,3.58,2.48,0.0,0.292,0.6077,0.9724,1.6394,2.0722,3.2117,2.83,0.0004371647378484272,-0.0005048808485277558,0.00043745248018558505,-0.0005049384633059245,0.0004377630460440284,0.0015222100676387587,0.34886840411213393
283,201402,7.42,0.42,0.64,0.0,0.2881,0.525,0.8401,1.4594,1.964,3.089,2.64,0.0015994651397513698,0.0027967782251983645,0.0015993117714635263,0.0027540421234747677,0.0015535935584339712,0.002865641803611388,0.42357455988033355
284,201403,-0.55,0.3,1.78,0.0,0.3053,0.504,0.8368,1.3278,1.9073,2.8861,2.49,-0.0003641635938278801,-0.0005374517415053221,-0.00044108828201744186,-0.0009474064374705891,-0.0008522790261180478,0.0004394730936936237,0.3164898777312495
285,201404,1.77,-2.21,0.46,0.0,0.3297,0.4602,0.7223,1.2446,1.7535,2.6104,2.36,0.0004124632870345317,0.0006683168939133718,0.0004034345320840401,0.000652849662398158,0.00039589874998700864,-0.0002865056164244303,0.19959190480968192
286,201405,0.77,-0.7,-0.42,0.0,0.3246,0.4358,0.6769,1.1345,1.6928,2.5549,2.22,0.0013631120007450738,0.0005775227742725611,0.0013100075069889879,0.0003392280144221608,0.0010678935432239666,-8.895887295193868e-05,0.2859201368713036
287,201406,-0.12,0.07,-1.62,0.0,0.2414,0.3099,0.546,0.9244,1.489,2.2769,2.08,-0.002261071473356323,-0.0021036920082073522,-0.0022678662906238265,-0.0021089636284788876,-0.0022707770892048695,-0.0021417166984642566,0.6788196914091913
288,201407,-4.1,-0.4,0.26,0.0,0.205,0.2477,0.4287,0.8217,1.3675,2.1607,1.95,0.000765539019071744,-0.00024175667354284284,0.000762404548961896,-0.00026324539284385614,0.0007395190158571148,-0.0006912148290790668,0.31550483768695936
289,201408,-0.02,-0.98,-0.99,0.0,0.1916,0.184,0.3621,0.7256,1.2651,1.9907,1.77,0.0008109511495363818,6.210125115039438e-05,0.0008099131882130021,-6.949859699785865e-05,0.0006751515852373829,0.0008034231300786544,0.31124435387562155
290,201409,-3.79,-2.29,-0.35,0.0,0.0971,0.1398,0.3022,0.6467,1.1621,1.849,1.66,0.0008566337406998633,-0.0010533055761613374,0.0008576370839177267,-0.0010533624298622172,0.000856554978178518,0.0010659195795651127,0.26365416450192614
291,201410,-2.7,-1.26,-3.19,0.0,0.0826,0.2239,0.3622,0.6664,1.1135,1.6914,1.61,-0.0007685917764733692,-0.001163587398946702,-0.0007643446913118008,-0.0012428022597875794,-0.0008416940356869115,-0.002187576615681912,-0.057728310831784424
292,201411,2.12,-1.38,-1.93,0.0,0.0809,0.2341,0.3666,0.6391,0.9868,1.6196,1.54,0.0004910830776880546,0.000224838089820308,0.0004898235792399606,0.00021213955987134823,0.000471870273965427,0.0012399886918893896,0.0860980482294258
293,201412,-3.7,2.2,-2.4,0.0,0.0809,0.2393,0.3144,0.5699,0.7982,1.4509,1.34,-0.0016155731730461823,-0.002950915901856036,-0.0016206516475734988,-0.002950805871867977,-0.001617352365414964,-0.0031371583126417156,0.24070149104751049
294,201501,-0.3,-1.6,-3.48,0.0,0.0627,0.1708,0.209,0.4809,0.6362,1.2699,1.12,-0.00011112599121991225,-0.0032846857825279087,-0.0001067628626943735,-0.003285076111490942,-0.00010833514153794346,-0.0015445778378841077,0.3388480231608
295,201502,6.21,1.02,1.91,0.0,0.0482,0.0897,0.1336,0.4111,0.5597,1.2147,1.02,0.0047946909042499075,0.0045053348602521175,0.00479510947411105,0.004505428007314618,0.004795330425875302,0.0069841917619300736,0.2730331306678606
296,201503,-2.28,-0.5,-0.42,0.0,0.0272,0.0159,0.0498,0.2494,0.3795,0.9554,0.89,0.0017629024284218967,-0.00025766174756484446,0.0016845355885704801,-0.0007167112711237276,0.0012275830537037704,0.002755042943590556,0.8377289261806116
297,201504,4.79,2.18,0.39,0.0,0.0047,-0.0377,0.0217,0.2152,0.4012,0.8523,0.89,0.0007623596815520539,0.0026729185938234312,0.0007579774205309747,0.002628840804961259,0.0007118014643395429,-0.000942323635096355,0.14886421922976978
298,201505,-0.15,1.65,-2.59,0.0,-0.0104,-0.0231,0.0726,0.4072,0.73,1.3351,1.3,0.0009919484449934732,-0.00011411303186841685,0.0009227570554333676,-0.0003910935733553684,0.0006464217210301791,-9.136032236954112e-05,-0.5197585163780502
299,201506,-2.84,2.02,0.13,0.0,-0.0139,0.0507,0.1657,0.6253,1.0509,1.6688,1.62,-0.0013630393810234573,-0.0005893847911667812,-0.0013649762129777402,-0.0005940533239355843,-0.0013701142868274526,-0.0010058186143389817,-0.5134679488461964
300,201507,2.39,-0.81,-2.66,0.0,-0.0187,-0.0034,0.1041,0.535,0.8994,1.5298,1.32,0.0014478984573930117,0.001085953259700962,0.0014460247663324681,0.0010642445760572364,0.0014266161708957946,0.00236052099831516,0.3308397918834942
301,201508,-6.02,3.71,-0.99,0.0,-0.0277,-0.0478,0.0523,0.4512,0.7941,1.3932,1.38,-0.004442167754359845,-0.003946299924701097,-0.004460878535268391,-0.0041586357643697185,-0.004676694465821227,-0.004418788911286093,0.3240535513053544
302,201509,-4.27,1.11,-3.63,0.0,-0.037,-0.0384,0.0569,0.4005,0.7506,1.4823,1.37,-0.003171405741445459,-0.0033906199844373182,-0.00316541323752018,-0.0033908487759388515,-0.0031662974010525017,-0.003631487223384219,0.19459524787569094
303,201510,6.19,-2.97,-0.77,0.0,-0.0536,-0.0963,-0.0113,0.2824,0.6253,1.2025,1.19,0.0018397669830261408,0.001359607377745111,0.0018367927837655658,0.0012657271630904785,0.0017477315416678575,0.002211653397933734,0.5534526456502167
304,201511,-1.49,0.33,-2.8,0.0,-0.0876,-0.1442,-0.0755,0.2606,0.6128,1.1552,1.17,0.0006596131234195146,-0.0014864454934085647,0.0006574899509950049,-0.0014991666117566793,0.0006404433093887248,0.00018406478855748174,0.08950952845907834
305,201512,-1.86,3.77,-1.25,0.01,-0.1263,-0.1402,-0.0535,0.2946,0.6337,1.1947,1.2,-0.0025332948274626576,-0.0013606467678576226,-0.0025343057766772704,-0.0013662689592397264,-0.002537169370605287,-0.003350214515327143,-0.12459605275705155
306,201601,-6.43,-0.76,-1.49,0.01,-0.1461,-0.2046,-0.1195,0.2117,0.5351,1.1142,1.15,-0.007111764907536691,-0.00700690460021807,-0.007118717838808075,-0.007032968114247223,-0.007149475275348001,-0.008887557647635307,0.39220270729874773
307,201602,-1.71,1.46,0.38,0.02,-0.1836,-0.2289,-0.1546,0.1498,0.4356,1.0403,1.03,-0.001415669390442032,-0.0013572371761657643,-0.0014213700081827235,-0.0013979372090973264,-0.0014616432988231972,-0.0014825508005241541,0.2997625451952197
308,201603,6.7,1.71,1.18,0.02,-0.2285,-0.2494,-0.192,0.0496,0.354,0.9314,0.92,-0.0006249154353027214,0.0014076387192366176,-0.0007130890787645423,0.000914570004101294,-0.0012325428386092145,0.00021642892148064375,0.5775837036821965
309,201604,2.38,-0.64,3.35,0.01,-0.2492,-0.2393,-0.1827,0.0775,0.3521,0.9626,0.92,0.0031500758647185125,0.0032847109425819176,0.003074472829461623,0.002923743985555551,0.002722923387048306,0.002892165391894232,-0.12293311070307966
310,201605,-0.38,1.53,-2.87,0.01,-0.2572,-0.28,-0.2145,0.1195,0.3788,0.9719,0.9,0.0011633109426439382,-0.00021872808466743526,0.001080973658688238,-0.0005652665073673748,0.0007327059766245811,-0.00026947211667045047,-0.17402689812265837
311,201606,-5.01,-2.39,-1.64,0.02,-0.2679,-0.3041,-0.2144,0.0668,0.3457,0.8793,0.81,-0.007532022656067416,-0.007406450908365689,-0.007580039172840843,-0.007519320129003387,-0.007692848791830125,-0.009821835379687257,0.2726396635363795
312,201607,4.44,1.54,0.21,0.02,-0.2945,-0.3617,-0.298,-0.0642,0.1731,0.6213,0.61,0.0031231012032254535,0.003419929368324372,0.003096904905122438,0.0033350724917764495,0.0030158133638211637,0.004180920291869725,0.925306295020389
313,201608,0.77,1.61,1.92,0.02,-0.2982,-0.378,-0.3191,-0.1072,0.1252,0.6133,0.57,0.003927920886140672,0.003727273146307272,0.003924014021286007,0.003493317791277701,0.0036867797295476487,0.00286816921109909,0.2651566316812455
314,201609,0.95,0.92,-0.14,0.02,-0.3016,-0.3993,-0.2962,-0.0773,0.2386,0.7354,0.62,-0.0009127741297287904,-0.000501170329979114,-0.000916451344719657,-0.0005080454791614232,-0.0009228439936225314,-0.0016438266669068823,-0.15185851771302317
315,201610,-3.08,-0.78,6.36,0.02,-0.309,-0.3962,-0.2589,-0.0404,0.3355,0.7753,0.73,0.00416343549774606,0.0029802750235346613,0.004164667105073907,0.002859060858182028,0.004043947720250149,0.00584834867801211,-0.17803863143108734
316,201611,-2.5,0.89,1.92,0.01,-0.3127,-0.3021,-0.1637,0.1447,0.6608,1.2343,1.0,0.001648339750475439,0.00012456774850384554,0.0016400699328399679,0.00010645469544901773,0.0016189492950205427,0.0003386860881328035,-0.5860072054572758
317,201612,4.72,-0.83,1.99,0.03,-0.3158,-0.4179,-0.2649,0.0886,0.6784,1.2882,1.04,0.0035425061107436425,0.003263940470673253,0.003543987254821061,0.0032571122595493854,0.003533699767315575,0.005644434571257611,0.2856322679113843
318,201701,2.84,2.03,0.47,0.04,-0.3255,-0.4086,-0.2395,0.1227,0.7324,1.3139,1.1,0.0008637222281832293,0.0019495339414920371,0.0008473827494206651,0.001891852005847732,0.0007905670700985085,0.00018754516509712614,-0.14291669292777764
319,201702,0.68,-0.04,-2.6,0.04,-0.3286,-0.3788,-0.1636,0.2241,0.8695,1.4452,1.24,-0.0006712218653098772,-0.0015109853710845484,-0.0006744606444465882,-0.0017469556605814035,-0.000901936998596835,-0.0016441807450189136,-0.3510158002355104
320,201703,4.27,-1.3,0.5,0.03,-0.3293,-0.3689,-0.1464,0.2545,0.9257,1.4599,1.27,0.0028864226635840866,0.0030943201718411735,0.0028021580895769387,0.002865944008140618,0.0025663299862518168,0.00501275236624563,-0.11543212815678605
321,201704,4.63,1.91,-1.3,0.05,-0.3304,-0.3469,-0.2196,0.2224,0.8664,1.2643,1.14,0.0015674843761801511,0.0024991562630870406,0.001548937543593728,0.0023247733950782063,0.001373264242665518,0.002350181605494798,0.138378335517926
322,201705,5.03,0.02,-0.79,0.06,-0.3295,-0.3757,-0.2671,0.2347,0.8148,1.1762,1.13,0.00019448534309445854,0.001467165015475393,6.014884425153076e-05,0.001007402686725848,-0.00039263248980376695,-0.0008880205570727982,-0.04882710615197783
323,201706,-0.67,1.55,2.04,0.06,-0.33,-0.3937,-0.2619,0.128,0.6899,1.0719,1.01,0.0004523605982889586,0.0011030607045456504,0.0004506989507403447,0.0010958267622403364,0.00044416757899118603,0.0005828925619488862,0.5713095226796241
324,201707,3.49,0.79,2.6,0.07,-0.3304,-0.3694,-0.2054,0.258,0.8249,1.2079,1.18,0.001487581636792523,0.00305846180993835,0.001491645824749186,0.003059300152148957,0.0014828619753757492,0.001772994423598224,-0.42038142785571464
325,201708,0.11,-0.06,-0.7,0.09,-0.3291,-0.4247,-0.2911,0.177,0.7299,1.0443,1.06,-0.0011932025558842945,-0.0008618380716736978,-0.0012126912223248626,-0.0010664899864171423,-0.0014116590910560394,-0.001427722777244986,0.39482875295627684
326,201709,2.72,-0.11,0.47,0.09,-0.3294,-0.4281,-0.3199,0.1343,0.6465,1.115,1.06,0.0021662122565504925,0.0018906669455797066,0.0021647128791594792,0.0018889755412559658,0.0021629900136545858,0.002513880997922149,0.20293636476819965
327,201710,0.59,-0.96,-0.12,0.09,-0.3295,-0.4213,-0.298,0.1548,0.6812,1.1493,1.08,-0.0005858553818531142,-0.0012566823111513949,-0.000591260483687684,-0.0013715022067073744,-0.0007092560068863909,-0.000867285070992255,-0.08566407398512565
328,201711,-0.01,-0.37,1.28,0.08,-0.329,-0.4823,-0.3473,0.0522,0.509,0.9476,0.95,-0.0013084755860130937,-0.0002520996175046517,-0.001312669643404746,-0.0002691210463018101,-0.0013268880465300027,-0.0011495336404886342,0.5923641400595201
329,201712,1.47,1.55,0.5,0.09,-0.3279,-0.4652,-0.3164,0.0423,0.5177,0.88,0.91,0.0003374909764180228,0.0006731970598390201,0.00033202487501666534,0.0006670092936535096,0.00032686209902284583,-0.0006350722748125052,0.04840189790979288
330,201801,5.52,0.8,1.1,0.11,-0.3285,-0.3679,-0.1966,0.1956,0.7138,1.0339,1.05,0.002336226592402942,0.0038400383690373667,0.0023287100478057523,0.003805180969110732,0.0022888154361645984,0.0035196421491568695,-0.4964597896392038
331,201802,-5.35,1.22,-0.75,0.11,-0.3285,-0.3338,-0.1331,0.3501,0.9019,1.2731,1.19,-0.0016311873363555793,-0.0026735988979441562,-0.0016309750224497363,-0.0028557885901974675,-0.001812843961197091,-0.002202800332793179,-0.45537215009112897
332,201803,-0.71,-0.56,-0.94,0.12,-0.3279,-0.3634,-0.1537,0.3042,0.8113,1.1717,1.07,-0.002641189364358074,-0.002374778343473527,-0.0027334042916166592,-0.002637750248188918,-0.0029944635667006757,-0.003214718025676073,0.18879975515374903
333,201804,2.2,-0.75,1.5,0.14,-0.3285,-0.3844,-0.2074,0.2211,0.7186,1.1286,0.99,0.0019780125000400557,0.0010657651164560893,0.0019157718784843178,0.0007287877862658656,0.0015758609244816886,0.001755380446509106,0.3898400528099204
334,201805,-2.73,1.23,-4.98,0.14,-0.3252,-0.2517,-0.0716,0.3644,0.8344,1.2359,1.08,-0.003416375454289093,-0.005026529909378953,-0.0035520425623911324,-0.005477233539660359,-0.004001350389701046,-0.007055882797119602,-0.42582060607909356
335,201806,-0.92,-0.84,-1.56,0.14,-0.322,-0.1197,0.1223,0.573,0.9169,1.2872,1.12,-0.00040972126981439716,-0.00038037627944995957,-0.00041495984564560623,-0.00038634294652353216,-0.000420868661329041,0.0001380486573722379,-0.509018712331649
336,201807,2.69,-1.92,0.41,0.16,-0.3207,-0.1877,0.0693,0.5096,0.8732,1.1987,1.04,0.0017505991565958876,0.0018492754426519325,0.001741732251416942,0.001802938250992534,0.001691706499053221,0.002554803037067269,0.22838407443178022
337,201808,-2.65,0.87,-2.64,0.16,-0.319,-0.0375,0.2525,0.6547,1.029,1.3674,1.15,-0.0034846518524503886,-0.0037011607418626588,-0.0034920814709227567,-0.003938686477740309,-0.003724771171452132,-0.004889447181071768,-0.36800578743893186
338,201809,0.12,-1.45,2.33,0.15,-0.3188,-0.1141,0.1967,0.6809,1.0276,1.3218,1.17,0.0007857835920214894,0.0007169727002034207,0.0007799077230528619,0.0007148192056358227,0.000780341232642566,0.0012148719046085005,-0.07554250342148938
339,201810,-8.54,-1.7,1.48,0.19,-0.3177,0.0167,0.4925,0.9456,1.2868,1.5603,1.31,-0.0031947937751902094,-0.004267099950191234,-0.003197876771115162,-0.004395697358249348,-0.0033341571981397155,-0.004062995595099072,-0.5186714773117906
340,201811,-1.31,-1.18,-0.57,0.18,-0.3164,-0.0439,0.3532,0.8297,1.0987,1.4073,1.25,0.00029185268229591703,0.0002692505317603771,0.0002755530429480332,0.00023220625513922292,0.0002443074077544636,5.5694218113857385e-05,0.35946599105952837
341,201812,-4.59,-0.67,0.95,0.19,-0.3119,-0.1952,0.1568,0.6015,0.8571,1.2131,1.09,-0.0035505386806338837,-0.003093033308869763,-0.0035512791483930306,-0.003102010926126584,-0.003560749986541484,-0.005439306852473164,0.9465462426508151
342,201901,6.19,0.6,-0.96,0.21,-0.308,-0.234,0.0569,0.4866,0.7677,1.2065,1.01,0.0021772698095816096,0.002331776198322434,0.0021631117846946067,0.0022798615013136323,0.0021182485046456045,0.0022281287244801514,0.45098884169046305
343,201902,2.93,-1.47,-1.22,0.18,-0.3084,-0.1985,0.0959,0.4687,0.7119,1.1245,0.95,0.0025962849637510663,0.002216587847241615,0.0026006679065855094,0.0019067191539684173,0.002281858486015447,0.0038379329528909654,0.06244184654697915
344,201903,0.58,-1.76,-2.32,0.19,-0.3092,-0.2767,-0.0138,0.3394,0.5903,0.9948,0.84,-0.0016940563175479948,-0.0024615689022625697,-0.0018147697898729803,-0.002816397166609696,-0.0021719596086615597,-0.002335237845760898,0.5853092780782958
345,201904,3.7,0.11,-1.05,0.21,-0.3105,-0.2232,0.0459,0.3345,0.549,0.9512,0.77,0.0036287115401279356,0.0034943984527168893,0.0035700538006417926,0.003124694454979041,0.003203811182756099,0.003938844865210173,0.01849425208308464
346,201905,-5.34,1.32,-1.54,0.21,-0.3119,-0.2389,0.038,0.3134,0.4987,0.8722,0.7,-0.00429802537005766,-0.004731396891235041,-0.004483346136194365,-0.005334812760761079,-0.005087508369683929,-0.00660069960613831,0.08294856675687057
347,201906,5.87,-2.64,-1.32,0.18,-0.3289,-0.3387,-0.0987,0.1399,0.2989,0.5755,0.44,0.0006124578869318387,0.0016952244880479319,0.0006091306521613299,0.0016851726259472307,0.0006003971325940264,0.0010896912368431092,1.0307258232970797
348,201907,-2.56,-1.28,0.04,0.19,-0.3649,-0.4682,-0.3046,-0.0725,0.1117,0.3582,0.23,-0.0011719559774551408,-0.002158984815001472,-0.00116965418846574,-0.0021589846410454785,-0.0011730822450745676,-0.0008833065063394252,1.8039106929942057
349,201908,-2.39,-0.61,-1.91,0.16,-0.4077,-0.5361,-0.4054,-0.2041,-0.076,0.1002,-0.03,-0.0030473540218627815,-0.0035739460171548914,-0.0030641878125370887,-0.003905762763950342,-0.0033907403086753125,-0.0028849178175050392,1.1492011680398022
350,201909,2.15,-0.86,3.08,0.18,-0.4176,-0.5662,-0.4982,-0.3106,-0.1197,0.0507,-0.07,0.004409070019046992,0.00394115022891761,0.0044088234058702385,0.003938737583583525,0.0044046652027441065,0.0041193569201235375,1.0508605358290692
351,201910,3.26,0.96,-0.51,0.15,-0.4129,-0.4857,-0.4425,-0.2517,-0.0401,0.136,0.02,0.0012181542744094027,0.0022046342067873017,0.0011943088339586153,0.0019600418121463493,0.0009460734440913774,0.0011998239013968513,-0.3362910573703858
352,201911,1.78,2.05,-2.29,0.12,-0.4013,-0.4196,-0.3512,-0.1085,0.1029,0.305,0.17,0.0011601898121293103,0.0005838656323291719,0.0011466618469110504,0.0005577630882126528,0.0011187550147264322,0.0017930466750773508,-0.5833494220770878
353,201912,4.07,2.79,0.4,0.14,-0.3947,-0.4323,-0.3366,-0.0752,0.1496,0.3685,0.23,0.002063037505941285,0.0030111283327789234,0.002060911079840803,0.003008872554231023,0.0020616988078041264,0.001901090703708264,-0.1675318391420575
354,202001,-2.55,0.36,-2.95,0.13,-0.3911,-0.4293,-0.3474,-0.105,0.1171,0.3183,0.19,-0.0025861159826442498,-0.0031502591431416056,-0.0025843083950207535,-0.0031502586024357467,-0.0025816233668236196,-0.0025094127421781995,0.177942059123541
355,202002,-8.94,0.24,-0.69,0.12,-0.4088,-0.4852,-0.4301,-0.2377,-0.0273,0.1365,0.0,-0.0038159214365115247,-0.00428780648844696,-0.0038174564766296033,-0.0046595133505977,-0.004187164233577498,-0.003870982268254934,1.230928120463517
356,202003,-15.44,-4.32,-10.96,0.12,-0.4166,-0.2973,-0.1628,0.0639,0.2071,0.3749,0.18,-0.015043467883454148,-0.015059731330694685,-0.015052886979439262,-0.015158978174403344,-0.015154511912716795,-0.017730363074195215,-0.8111462754289727
357,202004,6.7,5.03,-3.87,0.0,-0.254,-0.1282,-0.0008,0.2205,0.3676,0.5537,0.35,0.0005018585250993524,0.00045499793226891604,0.0004790304016320829,0.000991619938517721,0.0010219840851084009,0.0015198750624728671,-0.49671368018936746
358,202005,5.42,1.21,-4.12,0.01,-0.272,-0.2406,-0.093,0.1235,0.2826,0.4796,0.27,-0.00017090980925310543,0.0006189092086608427,-0.00017438848650869828,0.0006189088821818287,-0.00017452192257166836,0.0024681900981491926,0.5129463745292684
359,202006,4.04,-1.22,1.71,0.01,-0.376,-0.3573,-0.2378,-0.0353,0.1661,0.3518,0.18,0.0027524127606671656,0.0031967020409367345,0.002753835435076687,0.0031967026476499545,0.00275212770991321,0.004578033109742948,1.142416927789733
360,202007,3.95,2.68,-4.73,0.01,-0.4441,-0.4235,-0.3273,-0.1499,0.0318,0.2216,0.05,-0.002256596236090278,-1.818261318649696e-05,-0.002255925641832797,-1.8182526334261636e-05,-0.0022451300460358077,-0.0027443425856263207,0.8819640007007485
361,202008,4.95,2.91,-1.74,0.01,-0.4797,-0.4489,-0.3809,-0.212,-0.0258,0.1616,-0.0,0.0018973722288308337,0.002447897529964964,0.0018968406187805438,0.0024478975034466248,0.0018955295900079795,0.0027032502685947735,0.46123139113339273
362,202009,-2.97,0.85,-3.75,0.01,-0.4914,-0.496,-0.4243,-0.2653,-0.0674,0.1231,-0.03,-0.0050101915673822,-0.005866371525908848,-0.005009810078300329,-0.005866371522920477,-0.005016278322960376,-0.005507914617714762,0.41932184863841204
363,202010,-4.72,1.21,-0.2,0.01,-0.5091,-0.5768,-0.5226,-0.3829,-0.1731,0.0011,-0.14,0.0003522059475351965,8.670318283392752e-05,0.00035940279527982657,8.670344405044706e-05,0.00035613859564940495,-0.0007040711136339046,1.3920621937836697
364,202011,,,,,-0.5209,-0.6074,-0.5725,-0.4383,-0.2172,-0.0551,-0.18,0.013356173719145766,0.014622101131411325,0.013348624480871728,0.01462209990506608,0.01335754786575257,0.01615719713475889,0.6004997575489002
365,202012,,,,,,,,,,,,0.0011216841744778575,0.002946246700816351,0.0011253755602585848,0.0029462477691987892,0.0011218371709708847,0.0018806988518818338,
